电站名称,死水位,兴利库容,总库容,防洪限制水位,防洪高水位,设计洪水位,校核洪水位,死库容,正常蓄水位,机组过流能力,电站最小下泄,装机容量,电站出力系数,电站调节能力,保证出力,电站最大下泄
萨达,3,0,0,0,0,0,0,0,0,0,0,0,0,0,0,10
大叔,3,0,0,0,0,0,0,0,0,0,0,0,0,0,0,10
大dasd1,3,0,0,0,0,0,0,0,0,0,0,0,0,0,0,10
bac,3,0,0,0,0,0,0,0,0,0,0,0,0,0,0,10
混,3,0,0,0,0,0,0,0,0,0,0,0,0,0,0,10
胡俊,3,0,0,0,0,0,0,0,0,0,0,0,0,0,0,10
哈哈,3,0,0,0,0,0,0,0,0,0,0,0,0,0,0,10
0,3,0,0,0,0,0,0,0,0,0,0,0,0,0,0,10
电话说,3,0,0,0,0,0,0,0,0,0,0,0,0,0,0,10
0,3,0,0,0,0,0,0,0,0,0,0,0,0,0,0,10
0,3,0,0,0,0,0,0,0,0,0,0,0,0,0,0,10
0,3,0,0,0,0,0,0,0,0,0,0,0,0,0,0,10
123466,3,0,0,0,0,0,0,0,0,0,0,0,0,0,0,10
刘超,3,0,0,0,0,0,0,0,0,0,0,0,0,0,0,10
童健,3,0,0,0,0,0,0,0,0,0,0,0,0,0,0,10
0,3,0,0,0,0,0,0,0,0,0,0,0,0,0,0,10
0,3,0,0,0,0,0,0,0,0,0,0,0,0,0,0,10
不一样,3,0,0,0,0,0,0,0,0,0,0,0,0,0,0,10
0,3,0,0,0,0,0,0,0,0,0,0,0,0,0,0,10
0,3,0,0,0,0,0,0,0,0,0,0,0,0,0,0,10
0,3,0,0,0,0,0,0,0,0,0,0,0,0,0,0,10
0,3,0,0,0,0,0,0,0,0,0,0,0,0,0,0,10
